subjectID,block,trial,trialLen,RTTime,trialTime,trialScore
A001,1,1,3.377165899811799,2.2897205352783203,2.4817872047424316,5
A001,1,2,3.7602491339189865,1.2380337715148926,2.4510891437530518,5
