subjectID,block,trial,trialLen,RTTime,trialTime,trialScore
A001,1,1,3.377165899811799,1.6264379024505615,2.325251579284668,5
A001,1,2,3.7965227734241687,0.7311248779296875,3.371065855026245,5
A001,1,3,4.1541429601860935,0.5223126411437988,3.00830340385437,5
